{"stat.pickup.minecraft.rotten_flesh":1,"stat.pickup.minecraft.sand":18,"stat.walkOneCm":22601,"stat.pickup.minecraft.bone":1,"stat.playerKills":2,"stat.entityKilledBy.Spider":1,"stat.entityKilledBy.Wolf":1,"stat.useItem.minecraft.snowball":10,"stat.leaveGame":2,"stat.pickup.minecraft.arrow":3,"stat.damageTaken":1065,"stat.killEntity.Wolf":2,"stat.mobKills":2,"stat.mineBlock.minecraft.log":2,"stat.entityKilledBy.Creeper":1,"stat.pickup.minecraft.log":9,"stat.flyOneCm":13234,"stat.deaths":4,"stat.jump":111,"stat.swimOneCm":2644,"stat.playOneMinute":7216,"stat.fallOneCm":1579,"stat.entityKilledBy.Zombie":1,"stat.sneakTime":41,"stat.damageDealt":667,"stat.crouchOneCm":138,"stat.timeSinceDeath":591,"stat.pickup.minecraft.snowball":16,"stat.pickup.minecraft.sapling":6,"stat.pickup.minecraft.dirt":33,"stat.sprintOneCm":10633}