{"stat.pickup.minecraft.sand":6,"stat.walkOneCm":8458,"stat.pickup.minecraft.bone":4,"stat.entityKilledBy.Wolf":1,"stat.leaveGame":1,"stat.pickup.minecraft.arrow":3,"stat.damageTaken":1042,"stat.mobKills":1,"stat.mineBlock.minecraft.log":7,"stat.pickup.minecraft.log":7,"stat.flyOneCm":5355,"stat.deaths":4,"stat.mineBlock.minecraft.leaves":3,"stat.jump":68,"stat.swimOneCm":17224,"stat.playOneMinute":16663,"stat.fallOneCm":685,"stat.entityKilledBy.Zombie":1,"stat.sneakTime":176,"stat.damageDealt":287,"stat.crouchOneCm":286,"stat.killEntity.Zombie":1,"stat.timeSinceDeath":0,"stat.pickup.minecraft.snowball":4,"stat.pickup.minecraft.dirt":2,"stat.sprintOneCm":1030,"stat.diveOneCm":447}