{
  "minecraft:adventure/root": {
    "criteria": {
      "killed_something": "2024-07-20 17:08:20 +0000"
    },
    "done": true
  },
  "minecraft:adventure/kill_a_mob": {
    "criteria": {
      "zombie": "2024-07-20 17:08:20 +0000"
    },
    "done": true
  },
  "minecraft:adventure/kill_all_mobs": {
    "criteria": {
      "zombie": "2024-07-20 17:08:20 +0000"
    },
    "done": false
  },
  "minecraft:adventure/adventuring_time": {
    "criteria": {
      "taiga_cold": "2024-07-20 17:06:33 +0000"
    },
    "done": false
  }
}